{
    "age2": "https://www.youtube.com/embed/brejjthk6KY?&showinfo=0",
  "age": "https://www.youtube.com/embed/jvAcweOlaOM?rel=0",
  "age3": "Java Language එකේ ඉතිහාසය",
  "age5": "1991 අවුරුද්දෙ James Gosling , Mike Sheridan and Patrick Naughton තිදෙනා තමයි project එකක් විදිහට Java Language එක ආරම්භ කරේ.James Goslingගෙ office එකේ තියෙන oak ගහක් දැකල මේ project එකට oak කියල නම තියන්න හැදුවත් අවසානයේදී මේකට java කියල තමයි නම වැටෙන්නෙ.මුලින්  Sun Microsystems සමාගමට  Java Languageඑකේ අයිතිය තිබ්බත් මේ වනවිට Oracle සමාගමට එය අයිතිව ඇත.",
  "age6": "Java SE නැතහොත් සම්මත සංස්කරණය තුල Java වල  ඇති  Libraries සහ  APIs' ඇතුලත් වෙයි.(java.lang, java.io, java.math, java.net, java.util, etc...)Java EE = Enterprise Editio, Java EE නැතහොත් ව්‍යාපාරික සංස්කරණය තුල  ව්‍යාපාරික කටයුතු සඳහා අවශ්‍යය  Application Servers තුල Run කලහැකි fault-tolerant, distributed, multi-tier Java software අඩංගු වේ.Java ME = Micro Edition.Java EE තුල Android වැනි Moblie applications නිර්මානයට අවශ්‍යය වන හැකියාවන් අඩංගූ වේ.",
  "age10": "java වල usage එක ගැන බැලුවොත් java අනිත් languages වලට වඩා වැඩිපුර භාවිතා වෙනවද කියල බලාගන්න පුලුවන් පහල තියෙන chart එකෙන්.",
  "age4": "../images/jamesgosling.jpg",
  "age7": "../images/oracle-sun.jpg",
  "age8": "../images/java-builds.png",
  "age11": "../images/Capture.PNG",
  "age12": "Java program එකක් ලියන්න පෙර සම්පූර්න කරගත යුතු අවශ්‍යතා",
  "age13": "1)මුලින්ම ඔබගේ පරිගනකයේ JDK(Java Development Kit) download කරගෙන install කරගත යුතුයි.",
  "age14s": "Download JDK",
  "age14s2": "http://www.oracle.com/technetwork/java/javase/downloads/index.html",
  "age14": "මේ වෙබ් ලිපිනයෙන් JDK එක Download කරගන්න.ඉන්පසු එය ඔබේ පරිගනකයේ install කරගන්න",
  "age15": "2)පරිගනකය තුල Java path එක සෑදීම",
  "age16": "ඔබගේ පරිගනකයේ mycomputer>properties>Advanced System settings>System properties>Environment Veariables තුලට ගොස් එහි ඇති path එකට JDK install කල තැන jdk/bin එකේ  address එක ඇතුලත් කරන්න.ඔබගේ පරිගනකය  තුල  එය නිවැරදිව සැකසී අත්දයි බැලීමට command prompt එක තුල  javac නම් command එක යොදන්න",
  "age18": "../images/lesson2part1.2.PNG",
  "age19": "../images/lesson2part1.3.PNG",
  "age20": "../images/lesson2part1.PNG",
  "age21": "මොනාද මේ IDE( integrated development environment ) ?",
  "age22": "IDE එකක් කියල කියන්නේ අපිට ඕනෑම Programming language එකක  program එකක් run කරන්න දෙන software tool එකක්.Java programming සඳහා වැදගත් IDE පහතින් දක්වා ඇත ",
  "age24": "../images/netbeans-logo.jpg",
  "age25": "මෙම පාඩම් මාලව සඳහා Netbeans IDE එක භාවිතා කරනු ලැබේ.පහත දක්වා ඇත්තේ NetBeans වල Project Interface එකේ  ඇති ප්‍රදාන කොටස්වේ.",
  "age26": "../images/lesson2part2new.png",
  "age27": "IDE එකක් භාවිතයෙන් Java program එකක් output කිරීම.",
  "age28": "මෙහිදී අපි  HellooDegree කියන string එක output කරමු",
  "age29": "ඉහත ඇති  System.out.print syntax එක භාවිතයෙන්  HellooDegree string එක output කල හැක.",
  "age30": "println හා print syntax දෙකේ වෙනස පහත උදාහරනයෙන් පැහෙදිලි වෙයි.println හා print දෙකම java වල output සඳහා යොදා ගනී.println මගින් line break කරනු ලබයි",
    "age36": "මොනාද මේ Escape Sequences",
     
     
  "age31": "../images/Capture1.PNG",
  "age32": "../images/Capture2.PNG",
  "age33": "../images/Capture3.PNG",
  "age34": "../images/Capture4.PNG",
  "age35": "../images/Capture5.PNG",
  "age36": "../images/Capture6.PNG"
}